,img_name,gender,smiling
948,948.jpg,-1,-1
3166,3166.jpg,-1,-1
152,152.jpg,1,1
2718,2718.jpg,1,1
367,367.jpg,1,1
3766,3766.jpg,-1,1
2497,2497.jpg,-1,-1
2515,2515.jpg,1,1
3640,3640.jpg,-1,1
3375,3375.jpg,-1,1
4835,4835.jpg,1,1
3087,3087.jpg,-1,1
4291,4291.jpg,1,1
2969,2969.jpg,-1,1
3162,3162.jpg,-1,-1
4705,4705.jpg,1,1
3913,3913.jpg,1,-1
4081,4081.jpg,-1,-1
3444,3444.jpg,-1,-1
2738,2738.jpg,-1,-1
2770,2770.jpg,1,1
2864,2864.jpg,1,-1
3739,3739.jpg,1,-1
1430,1430.jpg,-1,-1
1038,1038.jpg,-1,1
371,371.jpg,-1,1
4113,4113.jpg,-1,-1
194,194.jpg,1,1
3382,3382.jpg,-1,-1
4302,4302.jpg,1,-1
1269,1269.jpg,1,-1
3619,3619.jpg,-1,1
3774,3774.jpg,-1,-1
2795,2795.jpg,1,-1
3418,3418.jpg,1,-1
1646,1646.jpg,-1,-1
3030,3030.jpg,1,-1
3869,3869.jpg,-1,1
2372,2372.jpg,1,-1
1976,1976.jpg,1,-1
4008,4008.jpg,1,-1
1886,1886.jpg,-1,-1
4480,4480.jpg,1,-1
4709,4709.jpg,1,-1
4983,4983.jpg,1,1
2546,2546.jpg,1,-1
4366,4366.jpg,1,-1
2771,2771.jpg,1,1
2981,2981.jpg,-1,1
3461,3461.jpg,1,1
968,968.jpg,1,-1
1843,1843.jpg,-1,1
530,530.jpg,-1,1
1554,1554.jpg,1,-1
3905,3905.jpg,-1,1
1313,1313.jpg,1,1
4188,4188.jpg,-1,1
313,313.jpg,1,-1
2405,2405.jpg,-1,1
1072,1072.jpg,-1,1
3315,3315.jpg,-1,-1
3458,3458.jpg,-1,-1
3469,3469.jpg,-1,-1
3894,3894.jpg,1,-1
119,119.jpg,1,1
403,403.jpg,-1,1
3201,3201.jpg,-1,1
4963,4963.jpg,1,1
1960,1960.jpg,1,1
493,493.jpg,-1,-1
3679,3679.jpg,1,-1
4722,4722.jpg,1,1
1450,1450.jpg,1,1
2510,2510.jpg,1,-1
71,71.jpg,1,1
486,486.jpg,-1,1
3813,3813.jpg,-1,1
3568,3568.jpg,1,-1
1669,1669.jpg,-1,-1
1421,1421.jpg,-1,1
4644,4644.jpg,1,-1
4052,4052.jpg,-1,1
4711,4711.jpg,1,1
717,717.jpg,-1,1
441,441.jpg,-1,-1
1352,1352.jpg,-1,-1
4136,4136.jpg,-1,1
4280,4280.jpg,1,1
1819,1819.jpg,-1,1
924,924.jpg,-1,-1
1804,1804.jpg,-1,-1
3524,3524.jpg,-1,1
3176,3176.jpg,1,-1
4383,4383.jpg,1,-1
3300,3300.jpg,-1,1
1110,1110.jpg,-1,-1
3828,3828.jpg,1,1
2744,2744.jpg,-1,1
180,180.jpg,1,1
1031,1031.jpg,1,-1
1145,1145.jpg,-1,-1
2052,2052.jpg,-1,-1
2492,2492.jpg,-1,-1
172,172.jpg,-1,1
2349,2349.jpg,-1,1
1017,1017.jpg,-1,-1
1555,1555.jpg,1,1
3380,3380.jpg,-1,1
2356,2356.jpg,1,-1
3495,3495.jpg,-1,1
2993,2993.jpg,-1,1
3046,3046.jpg,-1,-1
3731,3731.jpg,-1,-1
292,292.jpg,1,-1
2075,2075.jpg,1,-1
4424,4424.jpg,1,1
3024,3024.jpg,1,-1
4407,4407.jpg,1,-1
262,262.jpg,-1,-1
1252,1252.jpg,1,1
587,587.jpg,-1,1
104,104.jpg,1,-1
3173,3173.jpg,1,-1
4229,4229.jpg,1,1
1625,1625.jpg,-1,-1
481,481.jpg,1,-1
2541,2541.jpg,1,1
4106,4106.jpg,-1,-1
3848,3848.jpg,1,1
1771,1771.jpg,-1,1
4121,4121.jpg,1,-1
352,352.jpg,-1,1
446,446.jpg,1,-1
1725,1725.jpg,-1,1
1241,1241.jpg,1,-1
2128,2128.jpg,-1,-1
2731,2731.jpg,-1,-1
958,958.jpg,1,1
4257,4257.jpg,1,-1
856,856.jpg,-1,1
2948,2948.jpg,1,-1
1168,1168.jpg,1,-1
2490,2490.jpg,-1,1
399,399.jpg,1,-1
959,959.jpg,1,1
3229,3229.jpg,-1,-1
3370,3370.jpg,1,1
689,689.jpg,1,1
4996,4996.jpg,1,1
3933,3933.jpg,-1,1
314,314.jpg,-1,-1
2955,2955.jpg,-1,-1
2986,2986.jpg,1,1
1419,1419.jpg,1,1
4584,4584.jpg,1,-1
3006,3006.jpg,1,1
3957,3957.jpg,1,1
4477,4477.jpg,1,-1
3554,3554.jpg,-1,1
2222,2222.jpg,1,-1
602,602.jpg,1,-1
2680,2680.jpg,-1,1
3407,3407.jpg,1,-1
4692,4692.jpg,1,-1
4471,4471.jpg,1,-1
2080,2080.jpg,1,1
2710,2710.jpg,-1,1
758,758.jpg,-1,1
3015,3015.jpg,-1,1
4896,4896.jpg,1,1
2929,2929.jpg,1,-1
2808,2808.jpg,-1,-1
1877,1877.jpg,1,-1
1247,1247.jpg,-1,1
3882,3882.jpg,1,-1
2206,2206.jpg,-1,-1
793,793.jpg,-1,1
874,874.jpg,1,1
1391,1391.jpg,-1,1
1716,1716.jpg,1,-1
1968,1968.jpg,-1,-1
4228,4228.jpg,-1,1
3558,3558.jpg,-1,1
3233,3233.jpg,1,-1
3238,3238.jpg,1,1
224,224.jpg,-1,1
2782,2782.jpg,-1,1
3874,3874.jpg,1,-1
1713,1713.jpg,-1,1
4177,4177.jpg,-1,1
270,270.jpg,-1,1
2207,2207.jpg,-1,1
1525,1525.jpg,1,1
317,317.jpg,1,1
4304,4304.jpg,1,1
3268,3268.jpg,-1,-1
2563,2563.jpg,-1,-1
934,934.jpg,1,1
4758,4758.jpg,1,1
220,220.jpg,1,-1
2883,2883.jpg,1,-1
1543,1543.jpg,-1,1
4700,4700.jpg,1,1
2167,2167.jpg,1,1
1954,1954.jpg,-1,-1
1649,1649.jpg,-1,-1
2064,2064.jpg,1,-1
3962,3962.jpg,-1,1
4051,4051.jpg,1,-1
3942,3942.jpg,1,-1
4375,4375.jpg,1,-1
3001,3001.jpg,1,1
3952,3952.jpg,-1,-1
2703,2703.jpg,1,-1
4928,4928.jpg,1,1
1699,1699.jpg,-1,1
2318,2318.jpg,1,-1
4201,4201.jpg,-1,1
2425,2425.jpg,1,-1
3580,3580.jpg,-1,-1
4726,4726.jpg,1,1
4336,4336.jpg,1,-1
3608,3608.jpg,-1,-1
4305,4305.jpg,1,1
605,605.jpg,-1,-1
2104,2104.jpg,-1,1
1753,1753.jpg,1,-1
4172,4172.jpg,1,-1
4623,4623.jpg,1,-1
4313,4313.jpg,1,1
4543,4543.jpg,1,-1
1438,1438.jpg,1,-1
519,519.jpg,1,-1
3598,3598.jpg,-1,-1
2173,2173.jpg,-1,1
668,668.jpg,-1,-1
4264,4264.jpg,-1,-1
2186,2186.jpg,1,-1
3224,3224.jpg,-1,-1
1399,1399.jpg,1,-1
4180,4180.jpg,-1,1
374,374.jpg,-1,1
3967,3967.jpg,-1,-1
2067,2067.jpg,1,1
1066,1066.jpg,-1,1
3714,3714.jpg,1,-1
2164,2164.jpg,-1,-1
3956,3956.jpg,-1,1
719,719.jpg,1,-1
2302,2302.jpg,-1,1
4473,4473.jpg,1,-1
2184,2184.jpg,1,1
311,311.jpg,-1,1
4603,4603.jpg,1,-1
590,590.jpg,1,-1
1849,1849.jpg,-1,-1
4790,4790.jpg,1,1
3200,3200.jpg,-1,1
3844,3844.jpg,1,1
3761,3761.jpg,1,1
2066,2066.jpg,-1,1
4368,4368.jpg,1,-1
102,102.jpg,-1,-1
1219,1219.jpg,1,-1
129,129.jpg,1,1
4073,4073.jpg,-1,1
1787,1787.jpg,1,-1
4143,4143.jpg,-1,-1
2481,2481.jpg,-1,-1
4046,4046.jpg,-1,1
3393,3393.jpg,1,1
2928,2928.jpg,-1,1
1470,1470.jpg,1,-1
2876,2876.jpg,-1,-1
1794,1794.jpg,-1,1
4589,4589.jpg,1,1
51,51.jpg,1,-1
4957,4957.jpg,1,1
2754,2754.jpg,-1,1
2178,2178.jpg,-1,1
4394,4394.jpg,1,-1
3559,3559.jpg,1,-1
3805,3805.jpg,1,1
3181,3181.jpg,1,-1
3760,3760.jpg,1,-1
2890,2890.jpg,1,-1
3105,3105.jpg,-1,1
3248,3248.jpg,1,-1
2788,2788.jpg,-1,1
2125,2125.jpg,1,-1
4178,4178.jpg,1,1
461,461.jpg,-1,1
3406,3406.jpg,1,-1
4099,4099.jpg,-1,-1
2957,2957.jpg,-1,1
3160,3160.jpg,-1,1
3306,3306.jpg,1,-1
15,15.jpg,1,1
2455,2455.jpg,1,-1
4232,4232.jpg,1,-1
2312,2312.jpg,1,-1
4748,4748.jpg,1,1
1347,1347.jpg,-1,1
2818,2818.jpg,1,-1
3429,3429.jpg,1,1
2875,2875.jpg,1,-1
412,412.jpg,1,1
2404,2404.jpg,1,1
528,528.jpg,1,-1
2439,2439.jpg,-1,1
4525,4525.jpg,1,-1
2787,2787.jpg,1,-1
479,479.jpg,-1,-1
0,0.jpg,-1,1
2212,2212.jpg,1,-1
735,735.jpg,-1,1
3093,3093.jpg,-1,-1
3737,3737.jpg,-1,-1
2334,2334.jpg,1,-1
4637,4637.jpg,1,-1
273,273.jpg,1,1
3575,3575.jpg,1,1
2176,2176.jpg,-1,1
3547,3547.jpg,1,1
3274,3274.jpg,-1,1
2397,2397.jpg,1,-1
4406,4406.jpg,1,-1
4516,4516.jpg,1,-1
563,563.jpg,1,-1
219,219.jpg,1,-1
995,995.jpg,-1,1
4009,4009.jpg,1,-1
2338,2338.jpg,-1,-1
1266,1266.jpg,-1,-1
4456,4456.jpg,1,-1
3690,3690.jpg,-1,1
1556,1556.jpg,1,1
599,599.jpg,-1,-1
1288,1288.jpg,-1,-1
4858,4858.jpg,1,1
2752,2752.jpg,-1,1
41,41.jpg,-1,1
3624,3624.jpg,-1,-1
3152,3152.jpg,1,1
2670,2670.jpg,1,1
3722,3722.jpg,-1,-1
2100,2100.jpg,-1,1
3279,3279.jpg,-1,1
3059,3059.jpg,-1,-1
4364,4364.jpg,1,-1
3256,3256.jpg,-1,1
1323,1323.jpg,1,-1
2967,2967.jpg,-1,1
3546,3546.jpg,-1,1
1192,1192.jpg,1,1
3242,3242.jpg,1,-1
4345,4345.jpg,1,1
612,612.jpg,-1,1
4246,4246.jpg,1,1
4092,4092.jpg,-1,-1
1840,1840.jpg,1,-1
2678,2678.jpg,-1,1
2282,2282.jpg,1,-1
1747,1747.jpg,-1,1
2032,2032.jpg,1,-1
2698,2698.jpg,1,-1
2580,2580.jpg,-1,1
3712,3712.jpg,1,-1
2872,2872.jpg,1,1
3035,3035.jpg,1,-1
1848,1848.jpg,-1,-1
428,428.jpg,1,-1
160,160.jpg,-1,1
838,838.jpg,-1,1
751,751.jpg,-1,1
2714,2714.jpg,1,-1
4676,4676.jpg,1,1
892,892.jpg,-1,1
3217,3217.jpg,-1,-1
3411,3411.jpg,-1,1
1077,1077.jpg,-1,-1
1660,1660.jpg,1,-1
1265,1265.jpg,1,1
1117,1117.jpg,-1,-1
825,825.jpg,1,-1
3391,3391.jpg,-1,1
1349,1349.jpg,-1,-1
649,649.jpg,-1,1
4742,4742.jpg,1,1
2390,2390.jpg,1,-1
3392,3392.jpg,1,-1
3986,3986.jpg,1,-1
3713,3713.jpg,1,-1
3525,3525.jpg,1,1
2916,2916.jpg,-1,-1
2003,2003.jpg,1,-1
2198,2198.jpg,-1,1
4862,4862.jpg,1,1
492,492.jpg,-1,1
1986,1986.jpg,-1,-1
2854,2854.jpg,-1,1
3738,3738.jpg,-1,-1
4385,4385.jpg,1,1
4118,4118.jpg,-1,-1
2188,2188.jpg,-1,1
2879,2879.jpg,1,1
3002,3002.jpg,1,1
2570,2570.jpg,-1,1
1341,1341.jpg,1,1
4363,4363.jpg,1,-1
1620,1620.jpg,-1,1
1229,1229.jpg,1,1
1387,1387.jpg,1,-1
4353,4353.jpg,1,1
4590,4590.jpg,1,-1
2889,2889.jpg,-1,1
1508,1508.jpg,-1,1
2300,2300.jpg,1,-1
4550,4550.jpg,1,-1
545,545.jpg,1,-1
2150,2150.jpg,1,1
2255,2255.jpg,-1,-1
2542,2542.jpg,1,-1
1498,1498.jpg,-1,-1
218,218.jpg,-1,-1
1383,1383.jpg,-1,-1
3472,3472.jpg,-1,1
2209,2209.jpg,1,-1
368,368.jpg,-1,1
1069,1069.jpg,-1,-1
2083,2083.jpg,-1,1
4176,4176.jpg,-1,1
2192,2192.jpg,-1,-1
1148,1148.jpg,1,1
4116,4116.jpg,1,1
4533,4533.jpg,1,-1
2382,2382.jpg,-1,1
3449,3449.jpg,-1,-1
8,8.jpg,-1,1
440,440.jpg,-1,1
1338,1338.jpg,1,-1
1299,1299.jpg,-1,1
2350,2350.jpg,1,-1
4011,4011.jpg,-1,-1
344,344.jpg,-1,-1
2234,2234.jpg,-1,1
3155,3155.jpg,-1,-1
3138,3138.jpg,-1,1
1303,1303.jpg,-1,1
4767,4767.jpg,1,1
1205,1205.jpg,1,1
4594,4594.jpg,1,-1
2693,2693.jpg,-1,1
307,307.jpg,-1,-1
4992,4992.jpg,1,1
2479,2479.jpg,-1,1
771,771.jpg,-1,-1
597,597.jpg,-1,-1
2869,2869.jpg,1,-1
1264,1264.jpg,-1,-1
4634,4634.jpg,1,1
154,154.jpg,-1,1
189,189.jpg,-1,-1
1048,1048.jpg,-1,1
4679,4679.jpg,1,-1
2547,2547.jpg,-1,-1
4478,4478.jpg,1,1
2578,2578.jpg,-1,1
812,812.jpg,1,-1
577,577.jpg,1,-1
3591,3591.jpg,-1,1
3127,3127.jpg,1,-1
3445,3445.jpg,-1,-1
4260,4260.jpg,-1,-1
1239,1239.jpg,1,-1
2461,2461.jpg,-1,-1
3757,3757.jpg,1,-1
1040,1040.jpg,-1,-1
556,556.jpg,-1,-1
4436,4436.jpg,1,1
608,608.jpg,-1,-1
721,721.jpg,-1,1
732,732.jpg,1,-1
4899,4899.jpg,1,1
3153,3153.jpg,-1,-1
3540,3540.jpg,1,-1
4379,4379.jpg,1,-1
3592,3592.jpg,-1,1
13,13.jpg,-1,1
1432,1432.jpg,-1,1
2794,2794.jpg,-1,1
1491,1491.jpg,-1,1
2039,2039.jpg,-1,1
4377,4377.jpg,1,-1
1742,1742.jpg,-1,-1
2900,2900.jpg,1,-1
95,95.jpg,-1,-1
4460,4460.jpg,1,-1
193,193.jpg,1,1
3650,3650.jpg,-1,-1
2650,2650.jpg,-1,-1
4695,4695.jpg,1,-1
4390,4390.jpg,1,-1
710,710.jpg,-1,-1
4015,4015.jpg,-1,-1
3142,3142.jpg,-1,-1
3654,3654.jpg,-1,-1
3636,3636.jpg,-1,1
1924,1924.jpg,-1,-1
2552,2552.jpg,-1,-1
2550,2550.jpg,1,1
2527,2527.jpg,1,1
3634,3634.jpg,-1,-1
1240,1240.jpg,1,-1
3448,3448.jpg,-1,-1
3489,3489.jpg,1,-1
1489,1489.jpg,1,1
690,690.jpg,-1,-1
472,472.jpg,1,-1
3433,3433.jpg,1,-1
1202,1202.jpg,-1,1
3899,3899.jpg,-1,-1
4766,4766.jpg,1,1
3428,3428.jpg,-1,1
2038,2038.jpg,1,-1
3538,3538.jpg,-1,1
1067,1067.jpg,-1,-1
3709,3709.jpg,-1,-1
404,404.jpg,1,-1
1213,1213.jpg,-1,1
1132,1132.jpg,-1,-1
3571,3571.jpg,-1,-1
790,790.jpg,1,1
2304,2304.jpg,1,1
3775,3775.jpg,-1,1
206,206.jpg,-1,-1
4452,4452.jpg,1,-1
1361,1361.jpg,-1,1
2907,2907.jpg,1,-1
4085,4085.jpg,-1,1
3560,3560.jpg,-1,-1
2687,2687.jpg,1,-1
4019,4019.jpg,-1,1
3285,3285.jpg,1,1
4970,4970.jpg,1,1
792,792.jpg,-1,-1
490,490.jpg,-1,-1
1994,1994.jpg,1,-1
972,972.jpg,1,1
4776,4776.jpg,1,1
1166,1166.jpg,-1,1
366,366.jpg,1,-1
3202,3202.jpg,-1,1
2257,2257.jpg,-1,1
1835,1835.jpg,-1,1
4708,4708.jpg,1,-1
3645,3645.jpg,1,1
2116,2116.jpg,-1,1
1684,1684.jpg,-1,-1
1935,1935.jpg,1,-1
2901,2901.jpg,-1,-1
615,615.jpg,-1,1
2237,2237.jpg,-1,1
3171,3171.jpg,1,-1
1673,1673.jpg,-1,-1
4762,4762.jpg,1,1
3840,3840.jpg,-1,1
1492,1492.jpg,-1,1
3887,3887.jpg,-1,1
1974,1974.jpg,1,-1
2588,2588.jpg,-1,1
35,35.jpg,1,-1
3865,3865.jpg,1,-1
4903,4903.jpg,1,1
800,800.jpg,1,-1
781,781.jpg,-1,-1
209,209.jpg,1,-1
489,489.jpg,1,-1
4298,4298.jpg,1,-1
418,418.jpg,-1,1
3891,3891.jpg,-1,-1
2331,2331.jpg,-1,-1
4922,4922.jpg,1,1
475,475.jpg,-1,1
1127,1127.jpg,-1,1
1019,1019.jpg,1,1
3735,3735.jpg,-1,-1
4214,4214.jpg,-1,1
3763,3763.jpg,-1,1
2308,2308.jpg,1,-1
2758,2758.jpg,-1,-1
3207,3207.jpg,-1,1
3047,3047.jpg,-1,1
1539,1539.jpg,1,-1
1781,1781.jpg,1,-1
3209,3209.jpg,1,-1
3023,3023.jpg,1,-1
3079,3079.jpg,-1,-1
1928,1928.jpg,-1,1
4021,4021.jpg,1,-1
1447,1447.jpg,-1,-1
1550,1550.jpg,-1,-1
1809,1809.jpg,-1,-1
2806,2806.jpg,1,-1
2287,2287.jpg,1,1
63,63.jpg,1,1
3752,3752.jpg,-1,-1
498,498.jpg,-1,-1
4563,4563.jpg,1,-1
2956,2956.jpg,-1,-1
4981,4981.jpg,1,1
325,325.jpg,-1,-1
2697,2697.jpg,-1,1
2307,2307.jpg,-1,-1
3920,3920.jpg,-1,-1
1512,1512.jpg,1,1
3031,3031.jpg,1,-1
2633,2633.jpg,1,1
1950,1950.jpg,1,1
4179,4179.jpg,-1,1
4735,4735.jpg,1,1
2688,2688.jpg,-1,1
1225,1225.jpg,-1,1
3365,3365.jpg,1,-1
280,280.jpg,-1,-1
4219,4219.jpg,-1,1
1097,1097.jpg,-1,1
4940,4940.jpg,1,1
2010,2010.jpg,-1,-1
2443,2443.jpg,-1,-1
4251,4251.jpg,1,-1
1883,1883.jpg,-1,-1
1665,1665.jpg,1,1
828,828.jpg,1,1
4076,4076.jpg,-1,1
1629,1629.jpg,1,-1
618,618.jpg,1,-1
2408,2408.jpg,-1,1
2458,2458.jpg,1,-1
3584,3584.jpg,1,1
2721,2721.jpg,-1,1
3371,3371.jpg,1,-1
518,518.jpg,-1,1
4934,4934.jpg,1,1
3716,3716.jpg,-1,-1
4303,4303.jpg,1,-1
132,132.jpg,-1,1
3648,3648.jpg,-1,1
1687,1687.jpg,-1,-1
1176,1176.jpg,1,1
1533,1533.jpg,1,-1
3102,3102.jpg,1,-1
4034,4034.jpg,1,-1
2662,2662.jpg,-1,-1
2663,2663.jpg,1,-1
45,45.jpg,-1,1
1541,1541.jpg,-1,-1
4496,4496.jpg,1,1
3819,3819.jpg,1,1
2295,2295.jpg,-1,-1
531,531.jpg,-1,-1
938,938.jpg,-1,-1
4737,4737.jpg,1,1
387,387.jpg,-1,1
4497,4497.jpg,1,-1
4944,4944.jpg,1,1
1143,1143.jpg,-1,-1
622,622.jpg,1,1
4945,4945.jpg,1,1
4884,4884.jpg,1,1
4854,4854.jpg,1,1
4063,4063.jpg,-1,-1
332,332.jpg,1,-1
2403,2403.jpg,-1,-1
2286,2286.jpg,-1,1
4795,4795.jpg,1,1
3816,3816.jpg,-1,1
1284,1284.jpg,-1,-1
760,760.jpg,-1,1
4986,4986.jpg,1,1
3252,3252.jpg,1,-1
2821,2821.jpg,-1,1
4493,4493.jpg,1,-1
1344,1344.jpg,1,1
1693,1693.jpg,-1,1
1911,1911.jpg,-1,1
1735,1735.jpg,-1,1
456,456.jpg,-1,1
4163,4163.jpg,-1,1
1198,1198.jpg,1,-1
2798,2798.jpg,-1,-1
3977,3977.jpg,1,-1
174,174.jpg,-1,1
969,969.jpg,-1,1
4950,4950.jpg,1,1
135,135.jpg,1,-1
3125,3125.jpg,-1,1
2316,2316.jpg,1,1
291,291.jpg,-1,-1
2520,2520.jpg,-1,1
2780,2780.jpg,1,-1
1161,1161.jpg,1,-1
1723,1723.jpg,-1,1
3352,3352.jpg,-1,1
983,983.jpg,-1,1
984,984.jpg,-1,-1
1737,1737.jpg,1,-1
824,824.jpg,1,1
914,914.jpg,1,-1
3912,3912.jpg,-1,1
2544,2544.jpg,-1,1
2107,2107.jpg,-1,1
3701,3701.jpg,-1,-1
1789,1789.jpg,1,-1
1027,1027.jpg,-1,-1
2298,2298.jpg,1,-1
831,831.jpg,-1,-1
121,121.jpg,-1,1
601,601.jpg,-1,1
1358,1358.jpg,-1,1
1282,1282.jpg,1,-1
450,450.jpg,-1,-1
2793,2793.jpg,-1,-1
3830,3830.jpg,1,-1
1998,1998.jpg,1,1
2224,2224.jpg,1,-1
3317,3317.jpg,1,-1
2096,2096.jpg,-1,1
2945,2945.jpg,-1,1
4801,4801.jpg,1,1
2152,2152.jpg,-1,-1
788,788.jpg,1,-1
145,145.jpg,-1,1
3749,3749.jpg,-1,-1
3356,3356.jpg,-1,-1
3704,3704.jpg,-1,-1
3188,3188.jpg,-1,1
3011,3011.jpg,-1,1
1569,1569.jpg,-1,1
1238,1238.jpg,1,1
3695,3695.jpg,1,-1
3999,3999.jpg,1,-1
449,449.jpg,1,-1
1170,1170.jpg,1,-1
289,289.jpg,-1,-1
2428,2428.jpg,-1,1
1001,1001.jpg,-1,1
390,390.jpg,-1,1
2549,2549.jpg,1,-1
4528,4528.jpg,1,1
1418,1418.jpg,-1,1
304,304.jpg,-1,-1
1481,1481.jpg,-1,-1
3835,3835.jpg,-1,-1
3258,3258.jpg,-1,-1
34,34.jpg,-1,-1
1599,1599.jpg,-1,1
2500,2500.jpg,-1,-1
777,777.jpg,1,-1
2884,2884.jpg,1,-1
3895,3895.jpg,-1,1
2061,2061.jpg,-1,-1
2499,2499.jpg,-1,-1
2874,2874.jpg,-1,-1
1409,1409.jpg,-1,-1
49,49.jpg,1,1
4682,4682.jpg,1,1
3545,3545.jpg,1,1
3301,3301.jpg,1,1
364,364.jpg,-1,1
4384,4384.jpg,1,-1
4144,4144.jpg,-1,-1
4628,4628.jpg,1,-1
2115,2115.jpg,-1,1
3281,3281.jpg,1,-1
2683,2683.jpg,1,-1
4882,4882.jpg,1,1
818,818.jpg,-1,1
4226,4226.jpg,1,-1
4967,4967.jpg,1,1
2168,2168.jpg,-1,1
4416,4416.jpg,1,1
2034,2034.jpg,-1,-1
1458,1458.jpg,-1,-1
1869,1869.jpg,1,1
3261,3261.jpg,1,-1
2445,2445.jpg,1,1
3863,3863.jpg,1,1
4537,4537.jpg,1,-1
3094,3094.jpg,-1,1
1201,1201.jpg,-1,1
2156,2156.jpg,-1,1
1340,1340.jpg,-1,-1
3416,3416.jpg,-1,-1
4549,4549.jpg,1,1
3860,3860.jpg,-1,1
3699,3699.jpg,1,-1
1461,1461.jpg,-1,1
3350,3350.jpg,-1,1
2646,2646.jpg,1,-1
